case,thickness_mm,width_mm,mass_kg,deflection_mm,safety_margin,cost,batch,time
SYNTHETIC_001,2.0,10.0,0.04,0.75,-0.8,21.6,A,0
SYNTHETIC_002,8.0,40.0,0.64,0.01171875,2.2,195.6,A,1
SYNTHETIC_003,3.6114066872227752,25.732412915733924,0.18586041616451843,0.08938979622255806,-0.07069791917740786,83.65012409316375,A,2
SYNTHETIC_004,7.910942878053216,21.9813869148616,0.347786992527713,0.021807690086010877,0.7389349626385652,72.22961677119339,A,3
SYNTHETIC_005,3.3193474919978496,36.675960785892684,0.24348051690252875,0.07423937646591856,0.21740258451264366,154.25183063293494,A,4
SYNTHETIC_006,2.192050095889317,24.092397535726846,0.10562348465678716,0.25914347848160296,-0.4718825767160642,72.26930128822119,A,5
SYNTHETIC_007,7.128182658245574,16.48953300469897,0.2350808064133265,0.03580595476497677,0.17540403206663227,46.593702127838725,A,6
SYNTHETIC_008,3.0249475948870144,38.15538211022563,0.23083606269264406,0.08592701736027623,0.1541803134632204,164.8167609054384,A,7
SYNTHETIC_009,7.0601774833772,16.005635224033696,0.2260052508317434,0.037602533105561095,0.1300262541587169,44.65824592575255,A,8
SYNTHETIC_010,6.339429990663689,33.05881287447522,0.4191480595843742,0.022580501354813532,1.095740297921871,136.05443325033184,A,9
SYNTHETIC_011,2.475235384699925,28.028204022786884,0.13875280473358176,0.17470002811240748,-0.3062359763320913,94.10813426363995,B,10
SYNTHETIC_012,2.621874643310833,35.3997384849778,0.1856273534271959,0.12328134224175909,-0.07186323286402058,142.7392426175697,B,11
SYNTHETIC_013,4.717451543773576,29.131502600827112,0.2748529038334316,0.04627468517924357,0.3742645191671579,105.85856053153694,B,12
SYNTHETIC_014,6.45755616361669,36.128550712462925,0.46660429067160625,0.019912891631727072,1.3330214533580311,159.1913892851648,B,13
SYNTHETIC_015,2.69602097883324,21.805643978547323,0.11757694724626461,0.18928046885788416,-0.41211526376867696,62.2516888217663,B,14
SYNTHETIC_016,3.07160543056244,22.05884152003332,0.13551211480970113,0.1441476945039449,-0.32243942595149433,64.07973351298264,B,15
SYNTHETIC_017,6.633448877930355,27.298956584028716,0.3621724658419895,0.024974478817803018,0.8108623292099475,99.01020169134807,B,16
SYNTHETIC_018,3.947603840736374,38.11952859430187,0.30096159497185215,0.05050177094108678,0.5048079748592608,167.34830982405387,B,17
SYNTHETIC_019,6.836187284886489,10.966811277728038,0.14994235162510833,0.0585346438633423,-0.25028824187445836,28.024789025134623,B,18
SYNTHETIC_020,2.689170896225327,27.46090176964828,0.14769411564608148,0.15106701756335886,-0.2615294217695926,91.31787722607046,B,19
SYNTHETIC_021,7.653162373500873,39.68347623872009,0.6074081743997771,0.012907130183706213,2.0370408719988853,191.77415561489727,C,20
SYNTHETIC_022,2.0929719663158957,28.17443386870826,0.11793660050805499,0.243074406389097,-0.4103169974597251,94.0973364025437,C,21
SYNTHETIC_023,2.9041376319307886,35.38150585440934,0.20550552525233937,0.10053344226487326,0.027527626261696695,143.40531666265383,C,22
SYNTHETIC_024,2.4450121328155645,16.627639636263403,0.081309561301498,0.3018065173918505,-0.59345219349251,40.90022243940369,C,23
SYNTHETIC_025,6.059342987900528,30.190249420273727,0.36586615225540714,0.027064716422395402,0.8293307612770358,115.77976209605009,C,24
SYNTHETIC_026,7.348514965482127,38.43122925875385,0.5648249266996546,0.014455656265501604,1.8241246334982726,180.288935301876,C,25
SYNTHETIC_027,2.4889250805881487,24.964023860769778,0.12426717019894179,0.19399164135035998,-0.37866414900529116,77.29093554006596,C,26
SYNTHETIC_028,4.377918145672051,35.49918407251454,0.3108250442152273,0.044092792950036874,0.5541252210761365,148.45220875003608,C,27
SYNTHETIC_029,7.230640684982566,27.711006061485566,0.4007366556999521,0.020706914981067828,1.0036832784997602,102.81945192196707,C,28
SYNTHETIC_030,2.361289183056848,14.363678242175165,0.06783359612431444,0.37459090745275864,-0.6608320193784277,33.34486910944621,C,29
SYNTHETIC_031,4.068808336337884,16.80660415184669,0.13676570215712944,0.10782185970879761,-0.3161714892143529,43.71682239797222,D,30
SYNTHETIC_032,4.3833632482911575,20.233798129609482,0.17738417418934516,0.07716652047980928,-0.11307912905327427,58.03602564255263,D,31
SYNTHETIC_033,4.392174881270489,19.02849207800704,0.16715292986695404,0.0817255088179691,-0.16423535066522973,52.894468270955834,D,32
SYNTHETIC_034,7.56035812604156,17.232374665967342,0.26056584767367785,0.030457299233600573,0.30282923836838904,50.11810756977442,D,33
SYNTHETIC_035,6.946953135514683,25.457777009783207,0.35370796764269413,0.02441810958236191,0.7685398382134704,88.95815973369241,D,34
SYNTHETIC_036,7.944026641372817,10.447056581922642,0.16598339162144543,0.04550361748411475,-0.17008304189277296,27.553434787447138,D,35
SYNTHETIC_037,2.289823844855842,39.19360289289515,0.17949289293992443,0.14598287739956656,-0.10253553530037778,170.79356649019292,D,36
SYNTHETIC_038,4.628892999310674,37.872477232450564,0.3506152894556866,0.03696947284223966,0.7530764472784329,167.4570647504761,D,37
SYNTHETIC_039,6.313791445384633,38.23681933837568,0.4828386056747082,0.019681537903023218,1.4141930283735409,175.5189795385464,D,38
SYNTHETIC_040,6.130501641027095,33.9543179716682,0.41631400409053543,0.023509003319954116,1.0815700204526772,141.94213105573647,D,39
SYNTHETIC_041,7.614819686932689,19.38782460157168,0.2952695769256919,0.026685351306959083,0.4763478846284596,59.39955735515848,E,40
SYNTHETIC_042,5.253910918599331,17.96488781395565,0.18877184047430728,0.06049665126391007,-0.05614079762846345,49.82459303577352,E,41
SYNTHETIC_043,2.9667761705970275,17.947766184585777,0.10649401006375242,0.18990713743544632,-0.46752994968123784,46.47199150420617,E,42
SYNTHETIC_044,4.175578209908489,17.871847381842564,0.14925059299686375,0.09627611621452495,-0.2537470350156812,47.910316603861844,E,43
SYNTHETIC_045,3.005923310808364,10.092438745644564,0.06067419377687704,0.3289798814478728,-0.6966290311156148,22.612699734533848,E,44
SYNTHETIC_046,2.468060769332769,35.25198002099772,0.1740080578622541,0.13970953325762173,-0.1299597106887296,141.2305318545724,E,45
SYNTHETIC_047,7.744821670739455,34.04647503825451,0.527367755377127,0.01469015085655776,1.636838776885635,147.01095646813386,E,46
SYNTHETIC_048,5.024455662727749,19.83401782585455,0.199310286359516,0.059914579966742376,-0.003448568202420006,57.31123776601225,E,47
SYNTHETIC_049,3.694717748903873,13.729361750001553,0.10145223307770536,0.1600694205205891,-0.4927388346114732,32.907626729348785,E,48
SYNTHETIC_050,5.940993111661399,18.16121406283979,0.21579129529347865,0.046801339120251244,0.0789564764673932,51.61462143536812,E,49
SYNTHETIC_051,4.522829093609895,35.83217343061254,0.32412559295849974,0.04092868099948797,0.6206279647924987,151.35948899448954,F,50
SYNTHETIC_052,7.917162071742626,25.475415381168197,0.4033859848353471,0.018787150301563024,1.0169299241767356,91.03511827772,F,51
SYNTHETIC_053,3.032339885080356,14.403169903417453,0.08735061313944344,0.22652044924934905,-0.5632469343027828,34.23915485224877,F,52
SYNTHETIC_054,3.992760729983912,33.83158035131926,0.27016281092008576,0.05562274256791317,0.35081405460042875,135.2640953435806,F,53
SYNTHETIC_055,3.484768267001984,37.002373393478855,0.25788939321070725,0.06676423340576441,0.2894469660535364,157.23313940347148,F,54
SYNTHETIC_056,5.9787316047898,16.57085050655881,0.19814533528362044,0.05064753812779773,-0.009273323581897728,45.385122062416855,F,55
SYNTHETIC_057,2.7166953200802006,14.929383633461315,0.08111717329741258,0.27226856816397305,-0.594414133512937,35.533336499402765,F,56
SYNTHETIC_058,6.87139247995635,14.374027935248206,0.19753917492189405,0.04420315412590909,-0.012304125390529776,38.56283490520535,F,57
SYNTHETIC_059,5.617645082569927,20.145757996851962,0.22634343669131846,0.04718772581065733,0.13171718345659214,59.638893994425224,F,58
SYNTHETIC_060,4.645498740805139,21.227198539718724,0.19722184817416805,0.06548832452148583,-0.013890759129159847,62.9482697114304,F,59
